,iconstate
0,home_top10_5
1,menu_default_popular2
2,content_menu_morelikethis
3,menu_default_movie
4,menu_default_playsomething
5,menu_default_home
6,home_top10_1
7,home_top10_8
8,content_menu_replay2
9,content_menu_mylist
10,home_top10_10
11,content_menu_episodes
12,content_menu_morelikethis2
13,home_top10_9
14,menu_default_mylist
15,home_top10_4
16,menu_default_search
17,home_top10_7
18,content_menu_mylist2
19,menu_default_popular
20,menu_default_tvshow
21,home_top10_2
22,content_menu_like
23,menu_default_tvshow2
24,content_menu_play
25,Icons_Notused
26,content_menu_subtitles
27,content_menu_credits
28,home_top10_6
29,content_menu_replay
30,menu_default_movie2
31,home_top10_3
